-- phpMyAdmin SQL Dump
-- version 4.8.4
-- https://www.phpmyadmin.net/
--
-- Máy chủ: 127.0.0.1
-- Thời gian đã tạo: Th4 03, 2019 lúc 05:25 PM
-- Phiên bản máy phục vụ: 10.1.37-MariaDB
-- Phiên bản PHP: 7.3.0

SET SQL_MODE = "NO_AUTO_VALUE_ON_ZERO";
SET AUTOCOMMIT = 0;
START TRANSACTION;
SET time_zone = "+00:00";


/*!40101 SET @OLD_CHARACTER_SET_CLIENT=@@CHARACTER_SET_CLIENT */;
/*!40101 SET @OLD_CHARACTER_SET_RESULTS=@@CHARACTER_SET_RESULTS */;
/*!40101 SET @OLD_COLLATION_CONNECTION=@@COLLATION_CONNECTION */;
/*!40101 SET NAMES utf8mb4 */;

--
-- Cơ sở dữ liệu: `db_banhang`
--

-- --------------------------------------------------------

--
-- Cấu trúc bảng cho bảng `admin`
--

CREATE TABLE `admin` (
  `id` bigint(20) UNSIGNED NOT NULL,
  `full_name` varchar(255) COLLATE utf8mb4_unicode_ci NOT NULL,
  `email` varchar(255) COLLATE utf8mb4_unicode_ci NOT NULL,
  `password` varchar(255) COLLATE utf8mb4_unicode_ci NOT NULL,
  `remember_token` varchar(100) COLLATE utf8mb4_unicode_ci DEFAULT NULL,
  `created_at` timestamp NULL DEFAULT NULL,
  `updated_at` timestamp NULL DEFAULT NULL
) ENGINE=InnoDB DEFAULT CHARSET=utf8mb4 COLLATE=utf8mb4_unicode_ci;

-- --------------------------------------------------------

--
-- Cấu trúc bảng cho bảng `bills`
--

CREATE TABLE `bills` (
  `id` int(10) UNSIGNED NOT NULL,
  `id_customer` int(11) DEFAULT NULL,
  `date_order` date DEFAULT NULL,
  `total` float DEFAULT NULL COMMENT 'tổng tiền',
  `payment` varchar(200) CHARACTER SET utf8 COLLATE utf8_unicode_ci DEFAULT NULL COMMENT 'hình thức thanh toán',
  `note` varchar(500) CHARACTER SET utf8 COLLATE utf8_unicode_ci DEFAULT NULL,
  `created_at` timestamp NULL DEFAULT CURRENT_TIMESTAMP ON UPDATE CURRENT_TIMESTAMP,
  `updated_at` timestamp NULL DEFAULT CURRENT_TIMESTAMP
) ENGINE=MyISAM DEFAULT CHARSET=latin1;

--
-- Đang đổ dữ liệu cho bảng `bills`
--

INSERT INTO `bills` (`id`, `id_customer`, `date_order`, `total`, `payment`, `note`, `created_at`, `updated_at`) VALUES
(19, 19, '2019-04-01', 340000, 'COD', 'dsfdgfg', '2019-04-01 03:17:46', '2019-04-01 03:17:46'),
(11, 11, '2017-03-21', 420000, 'COD', 'không chú', '2017-03-21 07:16:09', '2017-03-21 07:16:09'),
(15, 15, '2017-03-24', 220000, 'COD', 'e', '2017-03-24 07:14:32', '2017-03-24 07:14:32'),
(16, 16, '2019-03-30', 123, 'COD', 'đạt đẹp trai', '2019-03-30 12:40:48', '2019-03-30 12:40:48'),
(17, 17, '2019-03-31', 520000, 'COD', 'dat', '2019-03-31 07:01:56', '2019-03-31 07:01:56'),
(18, 18, '2019-04-01', 150000, 'COD', 'sdasdas', '2019-04-01 02:59:09', '2019-04-01 02:59:09');

-- --------------------------------------------------------

--
-- Cấu trúc bảng cho bảng `bill_detail`
--

CREATE TABLE `bill_detail` (
  `id` int(10) UNSIGNED NOT NULL,
  `id_bill` int(10) UNSIGNED NOT NULL,
  `id_product` int(10) UNSIGNED NOT NULL,
  `quantity` int(11) NOT NULL COMMENT 'số lượng',
  `unit_price` double NOT NULL,
  `created_at` timestamp NOT NULL DEFAULT CURRENT_TIMESTAMP ON UPDATE CURRENT_TIMESTAMP,
  `updated_at` timestamp NOT NULL DEFAULT '0000-00-00 00:00:00'
) ENGINE=MyISAM DEFAULT CHARSET=latin1;

--
-- Đang đổ dữ liệu cho bảng `bill_detail`
--

INSERT INTO `bill_detail` (`id`, `id_bill`, `id_product`, `quantity`, `unit_price`, `created_at`, `updated_at`) VALUES
(24, 19, 22, 1, 150000, '2019-04-01 03:17:46', '2019-04-01 03:17:46'),
(25, 19, 28, 1, 120000, '2019-04-01 03:17:46', '2019-04-01 03:17:46'),
(26, 19, 25, 1, 70000, '2019-04-01 03:17:46', '2019-04-01 03:17:46');

-- --------------------------------------------------------

--
-- Cấu trúc bảng cho bảng `customer`
--

CREATE TABLE `customer` (
  `id` int(10) UNSIGNED NOT NULL,
  `name` varchar(100) COLLATE utf8_unicode_ci NOT NULL,
  `gender` varchar(10) COLLATE utf8_unicode_ci NOT NULL,
  `email` varchar(50) COLLATE utf8_unicode_ci NOT NULL,
  `address` varchar(100) COLLATE utf8_unicode_ci NOT NULL,
  `phone_number` varchar(20) COLLATE utf8_unicode_ci NOT NULL,
  `note` varchar(200) COLLATE utf8_unicode_ci NOT NULL,
  `created_at` timestamp NOT NULL DEFAULT CURRENT_TIMESTAMP ON UPDATE CURRENT_TIMESTAMP,
  `updated_at` timestamp NOT NULL DEFAULT CURRENT_TIMESTAMP
) ENGINE=MyISAM DEFAULT CHARSET=utf8 COLLATE=utf8_unicode_ci;

--
-- Đang đổ dữ liệu cho bảng `customer`
--

INSERT INTO `customer` (`id`, `name`, `gender`, `email`, `address`, `phone_number`, `note`, `created_at`, `updated_at`) VALUES
(15, 'ê', 'Nữ', 'huongnguyen@gmail.com', 'e', 'e', 'e', '2017-03-24 07:14:32', '2017-03-24 07:14:32'),
(14, 'hhh', 'nam', 'huongnguyen@gmail.com', 'Lê thị riêng', '99999999999999999', 'k', '2017-03-23 04:46:05', '2017-03-23 04:46:05'),
(13, 'Hương Hương', 'Nữ', 'huongnguyenak96@gmail.com', 'Lê Thị Riêng, Quận 1', '23456789', 'Vui lòng giao hàng trước 5h', '2017-03-21 07:29:31', '2017-03-21 07:29:31'),
(12, 'Khoa phạm', 'Nam', 'khoapham@gmail.com', 'Lê thị riêng', '1234567890', 'Vui lòng chuyển đúng hạn', '2017-03-21 07:20:07', '2017-03-21 07:20:07'),
(11, 'Hương Hương 12', 'Nam', 'huongnguyenxaugai96@gmail.com', 'Lê Thị Riêng, Quận 11', '0972972930', 'đạt ghệ hương', '2019-03-30 13:37:16', '2019-03-30 13:37:16'),
(16, 'nguyen tien dat', 'nữ', 'nguyentiendatst96@gmail.com', 'abc', '0972972930', 'đạt đẹp trai', '2019-03-30 12:40:48', '2019-03-30 12:40:48'),
(17, 'nguyen tien dat', 'nam', 'nguyentiendat2st96@gmail.com', 'Lê Thị Riêng, Quận 11', '0972972930', 'dat', '2019-03-31 07:01:56', '2019-03-31 07:01:56'),
(18, 'dat', 'nam', 'nguyentiendat2st96@gmail.com', 'Hoàng Diệu 22', '0972972930', 'sdasdas', '2019-04-01 02:59:09', '2019-04-01 02:59:09'),
(19, 'nguyen tien dat', 'nam', 'huutaibui97@gmail.com', 'Hoàng Diệu 22', '0972972930', 'dsfdgfg', '2019-04-01 03:17:46', '2019-04-01 03:17:46');

-- --------------------------------------------------------

--
-- Cấu trúc bảng cho bảng `news`
--

CREATE TABLE `news` (
  `id` int(10) NOT NULL,
  `title` varchar(200) CHARACTER SET utf8 COLLATE utf8_unicode_ci NOT NULL COMMENT 'tiêu đề',
  `content` text CHARACTER SET utf8 COLLATE utf8_unicode_ci NOT NULL COMMENT 'nội dung',
  `image` varchar(100) CHARACTER SET utf8 COLLATE utf8_unicode_ci NOT NULL COMMENT 'hình',
  `create_at` timestamp NOT NULL DEFAULT CURRENT_TIMESTAMP ON UPDATE CURRENT_TIMESTAMP,
  `update_at` timestamp NOT NULL DEFAULT '0000-00-00 00:00:00'
) ENGINE=MyISAM DEFAULT CHARSET=utf8;

--
-- Đang đổ dữ liệu cho bảng `news`
--

INSERT INTO `news` (`id`, `title`, `content`, `image`, `create_at`, `update_at`) VALUES
(1, 'Mùa trung thu năm nay, Hỷ Lâm Môn muốn gửi đến quý khách hàng sản phẩm mới xuất hiện lần đầu tiên tại Việt nam \"Bánh trung thu Bơ Sữa HongKong\".', 'Những ý tưởng dưới đây sẽ giúp bạn sắp xếp tủ quần áo trong phòng ngủ chật hẹp của mình một cách dễ dàng và hiệu quả nhất. ', 'sample1.jpg', '2017-03-11 06:20:23', '0000-00-00 00:00:00'),
(2, 'Tư vấn cải tạo phòng ngủ nhỏ sao cho thoải mái và thoáng mát', 'Chúng tôi sẽ tư vấn cải tạo và bố trí nội thất để giúp phòng ngủ của chàng trai độc thân thật thoải mái, thoáng mát và sáng sủa nhất. ', 'sample2.jpg', '2016-10-20 02:07:14', '0000-00-00 00:00:00'),
(3, 'Đồ gỗ nội thất và nhu cầu, xu hướng sử dụng của người dùng', 'Đồ gỗ nội thất ngày càng được sử dụng phổ biến nhờ vào hiệu quả mà nó mang lại cho không gian kiến trúc. Xu thế của các gia đình hiện nay là muốn đem thiên nhiên vào nhà ', 'sample3.jpg', '2016-10-20 02:07:14', '0000-00-00 00:00:00'),
(4, 'Hướng dẫn sử dụng bảo quản đồ gỗ, nội thất.', 'Ngày nay, xu hướng chọn vật dụng làm bằng gỗ để trang trí, sử dụng trong văn phòng, gia đình được nhiều người ưa chuộng và quan tâm. Trên thị trường có nhiều sản phẩm mẫu ', 'sample4.jpg', '2016-10-20 02:07:14', '0000-00-00 00:00:00'),
(5, 'Phong cách mới trong sử dụng đồ gỗ nội thất gia đình', 'Đồ gỗ nội thất gia đình ngày càng được sử dụng phổ biến nhờ vào hiệu quả mà nó mang lại cho không gian kiến trúc. Phong cách sử dụng đồ gỗ hiện nay của các gia đình hầu h ', 'sample5.jpg', '2016-10-20 02:07:14', '0000-00-00 00:00:00');

-- --------------------------------------------------------

--
-- Cấu trúc bảng cho bảng `products`
--

CREATE TABLE `products` (
  `id` int(10) UNSIGNED NOT NULL,
  `name` varchar(100) COLLATE utf8_unicode_ci DEFAULT NULL,
  `id_type` int(10) UNSIGNED DEFAULT NULL,
  `description` text COLLATE utf8_unicode_ci,
  `unit_price` float DEFAULT NULL,
  `promotion_price` float DEFAULT NULL,
  `image` varchar(255) COLLATE utf8_unicode_ci DEFAULT NULL,
  `unit` varchar(255) COLLATE utf8_unicode_ci DEFAULT NULL,
  `new` tinyint(4) DEFAULT '0',
  `created_at` timestamp NULL DEFAULT NULL,
  `updated_at` timestamp NULL DEFAULT NULL
) ENGINE=InnoDB DEFAULT CHARSET=utf8 COLLATE=utf8_unicode_ci;

--
-- Đang đổ dữ liệu cho bảng `products`
--

INSERT INTO `products` (`id`, `name`, `id_type`, `description`, `unit_price`, `promotion_price`, `image`, `unit`, `new`, `created_at`, `updated_at`) VALUES
(12, 'Bánh sinh nhật rau câu trái cây', 3, '', 200000, 180000, '210215-banh-sinh-nhat-rau-cau-body- (6).jpg', 'cái', 0, '2016-10-12 02:00:00', '2016-10-27 02:24:00'),
(13, 'Bánh kem Chocolate Dâu', 3, '', 300000, 280000, 'banh kem sinh nhat.jpg', 'cái', 1, '2016-10-12 02:00:00', '2016-10-27 02:24:00'),
(14, 'Bánh kem Dâu III', 3, '', 300000, 280000, 'Banh-kem (6).jpg', 'cái', 0, '2016-10-12 02:00:00', '2016-10-27 02:24:00'),
(16, 'Bánh trái cây II', 3, '', 150000, 120000, 'banhtraicay.jpg', 'hộp', 0, '2016-10-12 02:00:00', '2016-10-27 02:24:00'),
(17, 'Apple Cake', 3, '', 250000, 240000, 'Fruit-Cake_7979.jpg', 'cai', 0, '2016-10-12 02:00:00', '2016-10-27 02:24:00'),
(22, 'Bánh bông lan trứng muối I', 1, '', 160000, 150000, 'banhbonglantrung.jpg', 'hộp', 1, '2016-10-13 02:20:00', '2016-10-19 03:20:00'),
(23, 'Bánh bông lan trứng muối II', 1, NULL, 180000, 0, '9pXV_tải xuống (2).jpg', 'hộp', 0, '2016-10-13 02:20:00', '2019-03-30 12:37:47'),
(24, 'Bánh French', 1, '', 180000, 0, 'banh-man-thu-vi-nhat-1.jpg', 'hộp', 0, '2016-10-13 02:20:00', '2016-10-19 03:20:00'),
(25, 'Bánh mì Australia', 1, '', 80000, 70000, 'dung-khoai-tay-lam-banh-gato-man-cuc-ngon.jpg', 'hộp', 0, '2016-10-13 02:20:00', '2016-10-19 03:20:00'),
(26, 'Bánh mặn thập cẩm', 1, '', 50000, 0, 'Fruit-Cake.png', 'hộp', 0, '2016-10-13 02:20:00', '2016-10-19 03:20:00'),
(27, 'Bánh Muffins trứng', 1, '', 100000, 80000, 'maxresdefault.jpg', 'hộp', 0, '2016-10-13 02:20:00', '2016-10-19 03:20:00'),
(28, 'Bánh Scone Peach Cake', 1, '', 120000, 0, 'Peach-Cake_3300.jpg', 'hộp', 1, '2016-10-13 02:20:00', '2016-10-19 03:20:00'),
(29, 'Bánh mì Loaf I', 1, '', 100000, 0, 'sli12.jpg', 'hộp', 0, '2016-10-13 02:20:00', '2016-10-19 03:20:00'),
(42, 'Beefy Pizza', 6, 'Thịt bò xay, ngô, sốt BBQ, phô mai mozzarella', 150000, 130000, '40819_food_pizza.jpg', 'cái', 0, '2016-10-13 02:20:00', '2016-10-19 03:20:00'),
(43, 'Hawaii Pizza', 6, 'Sốt cà chua, ham , dứa, pho mai mozzarella', 120000, 0, 'hawaiian paradise_large-900x900.jpg', 'cái', 1, '2016-10-13 02:20:00', '2016-10-19 03:20:00'),
(44, 'Smoke Chicken Pizza', 6, 'Gà hun khói,nấm, sốt cà chua, pho mai mozzarella.', 120000, 0, 'chicken black pepper_large-900x900.jpg', 'cái', 0, '2016-10-13 02:20:00', '2016-10-19 03:20:00'),
(45, 'Sausage Pizza', 6, 'Xúc xích klobasa, Nấm, Ngô, sốtcà chua, pho mai Mozzarella.', 120000, 0, 'pizza-miami.jpg', 'cái', 0, '2016-10-13 02:20:00', '2016-10-19 03:20:00'),
(46, 'Ocean Pizza', 6, 'Tôm , mực, xào cay,ớt xanh, hành tây, cà chua, phomai mozzarella.', 120000, 0, 'seafood curry_large-900x900.jpg', 'cái', 0, '2016-10-13 02:20:00', '2016-10-19 03:20:00'),
(47, 'All Meaty Pizza', 6, 'Ham, bacon, chorizo, pho mai mozzarella.', 140000, 0, 'all1).jpg', 'cái', 0, '2016-10-13 02:20:00', '2016-10-19 03:20:00'),
(48, 'Tuna Pizza', 6, 'Cá Ngừ, sốt Mayonnaise,sốt càchua, hành tây, pho mai Mozzarella', 140000, 0, '54eaf93713081_-_07-germany-tuna.jpg', 'cái', 0, '2016-10-13 02:20:00', '2016-10-19 03:20:00'),
(49, 'Bánh su kem nhân dừa', 7, '', 120000, 100000, 'maxresdefault.jpg', 'cái', 0, '2016-10-13 02:20:00', '2016-10-19 03:20:00'),
(50, 'Bánh su kem sữa tươi', 7, '', 120000, 100000, 'sukem.jpg', 'cái', 0, '2016-10-13 02:20:00', '2016-10-19 03:20:00'),
(51, 'Bánh su kem sữa tươi chiên giòn', 7, '', 150000, 0, '1434429117-banh-su-kem-chien-20.jpg', 'hộp', 0, '2016-10-13 02:20:00', '2016-10-19 03:20:00'),
(52, 'Bánh su kem dâu sữa tươi', 7, '', 150000, 0, 'sukemdau.jpg', 'hộp', 0, '2016-10-13 02:20:00', '2016-10-19 03:20:00'),
(53, 'Bánh su kem bơ sữa tươi', 7, '', 150000, 0, 'He-Thong-Banh-Su-Singapore-Chewy-Junior.jpg', 'hộp', 0, '2016-10-13 02:20:00', '2016-10-19 03:20:00'),
(54, 'Bánh su kem nhân trái cây sữa tươi', 7, '', 150000, 0, 'foody-banh-su-que-635930347896369908.jpg', 'hộp', 1, '2016-10-13 02:20:00', '2016-10-19 03:20:00'),
(55, 'Bánh su kem cà phê', 7, '', 150000, 0, 'banh-su-kem-ca-phe-1.jpg', 'hộp', 0, '2016-10-13 02:20:00', '2016-10-19 03:20:00'),
(56, 'Bánh su kem phô mai', 7, '', 150000, 0, '50020041-combo-20-banh-su-que-pho-mai-9.jpg', 'hộp', 0, '2016-10-13 02:20:00', '2016-10-19 03:20:00'),
(57, 'Bánh su kem sữa tươi chocolate', 7, '', 150000, 0, 'combo-20-banh-su-que-kem-sua-tuoi-phu-socola.jpg', 'hộp', 1, '2016-10-13 02:20:00', '2016-10-19 03:20:00'),
(61, 'Bánh Cupcake - Anh Quốc', 6, 'Những chiếc cupcake có cấu tạo gồm phần vỏ bánh xốp mịn và phần kem trang trí bên trên rất bắt mắt với nhiều hình dạng và màu sắc khác nhau. Cupcake còn được cho là chiếc bánh mang lại niềm vui và tiếng cười như chính hình dáng đáng yêu của chúng.', 150000, 120000, 'cupcake.jpg', 'cái', 1, NULL, NULL),
(62, 'Bánh Sachertorte', 6, 'Sachertorte là một loại bánh xốp được tạo ra bởi loại&nbsp;chocholate&nbsp;tuyệt hảo nhất của nước Áo. Sachertorte có vị ngọt nhẹ, gồm nhiều lớp bánh được làm từ ruột bánh mì và bánh sữa chocholate, xen lẫn giữa các lớp bánh là mứt mơ. Món bánh chocholate này nổi tiếng tới mức thành phố Vienna của Áo đã ấn định&nbsp;tổ chức một ngày Sachertorte quốc gia, vào 5/12 hằng năm', 250000, 220000, '111.jpg', 'cái', 0, NULL, NULL),
(63, 'tiến đạt', 6, '<p>12</p>', 12, 12, '4nHs_a1.jpg', 'hộp', 0, '2019-04-01 02:46:47', '2019-04-01 02:46:47'),
(64, 'Bánh Ngọt', 20, '<p>Bánh ngọt</p>', 12313, 0, 'buB0_banhkem.jpg', 'cái', 0, '2019-04-01 02:53:38', '2019-04-01 02:54:49');

-- --------------------------------------------------------

--
-- Cấu trúc bảng cho bảng `slide`
--

CREATE TABLE `slide` (
  `id` int(11) NOT NULL,
  `link` varchar(100) DEFAULT NULL,
  `image` varchar(100) NOT NULL,
  `created_at` timestamp NULL DEFAULT NULL,
  `updated_at` timestamp NULL DEFAULT NULL
) ENGINE=InnoDB DEFAULT CHARSET=utf8;

--
-- Đang đổ dữ liệu cho bảng `slide`
--

INSERT INTO `slide` (`id`, `link`, `image`, `created_at`, `updated_at`) VALUES
(1, 'abc', 'eQtW_tải xuống (3).jpg', NULL, '2019-03-31 14:04:14'),
(4, '', 'banner4.jpg', NULL, NULL),
(5, 'bbb', 'sTqY_tải xuống (4).jpg', '2019-03-31 14:03:20', '2019-03-31 14:04:01');

-- --------------------------------------------------------

--
-- Cấu trúc bảng cho bảng `type_products`
--

CREATE TABLE `type_products` (
  `id` int(10) UNSIGNED NOT NULL,
  `name` varchar(100) COLLATE utf8_unicode_ci NOT NULL,
  `description` text COLLATE utf8_unicode_ci NOT NULL,
  `image` varchar(255) COLLATE utf8_unicode_ci NOT NULL,
  `created_at` timestamp NULL DEFAULT NULL,
  `updated_at` timestamp NULL DEFAULT NULL
) ENGINE=InnoDB DEFAULT CHARSET=utf8 COLLATE=utf8_unicode_ci;

--
-- Đang đổ dữ liệu cho bảng `type_products`
--

INSERT INTO `type_products` (`id`, `name`, `description`, `image`, `created_at`, `updated_at`) VALUES
(1, 'Bánh mặn', 'Nếu từng bị mê hoặc bởi các loại tarlet ngọt thì chắn chắn bạn không thể bỏ qua những loại tarlet mặn. Ngoài hình dáng bắt mắt, lớp vở bánh giòn giòn cùng với nhân mặn như thịt gà, nấm, thị heo ,… của bánh sẽ chinh phục bất cứ ai dùng thử.', 'banh-man-thu-vi-nhat-1.jpg', NULL, NULL),
(3, 'Bánh trái cây 1', 'Bánh trái cây, hay còn gọi là bánh hoa quả, là một món ăn chơi, không riêng gì của Huế nhưng khi \"lạc\" vào mảnh đất Cố đô, món bánh này dường như cũng mang chút tinh tế, cầu kỳ và đặc biệt. Lấy cảm hứng từ những loại trái cây trong vườn, qua bàn tay khéo léo của người phụ nữ Huế, món bánh trái cây ra đời - ngọt thơm, dịu nhẹ làm đẹp lòng biết bao người thưởng thức.', 'banhtraicay.jpg', '2016-10-18 00:33:33', '2019-03-24 11:14:44'),
(6, 'Bánh Pizza', 'Pizza đã không chỉ còn là một món ăn được ưa chuộng khắp thế giới mà còn được những nhà cầm quyền EU chứng nhận là một phần di sản văn hóa ẩm thực châu Âu. Và để được chứng nhận là một nhà sản xuất pizza không hề đơn giản. Người ta phải qua đủ mọi các bước xét duyệt của chính phủ Ý và liên minh châu Âu nữa… tất cả là để đảm bảo danh tiếng cho món ăn này.', 'pizza.jpg', '2016-10-25 17:19:00', NULL),
(7, 'Bánh su kem', 'Bánh su kem là món bánh ngọt ở dạng kem được làm từ các nguyên liệu như bột mì, trứng, sữa, bơ.... đánh đều tạo thành một hỗn hợp và sau đó bằng thao tác ép và phun qua một cái túi để định hình thành những bánh nhỏ và cuối cùng được nướng chín. Bánh su kem có thể thêm thành phần Sô cô la để tăng vị hấp dẫn. Bánh có xuất xứ từ nước Pháp.', 'sukemdau.jpg', '2016-10-25 17:19:00', NULL),
(20, 'Bánh Ngọt', 'Bánh ngọt ngon lắm', 'cha8_banhkem.jpg', '2019-04-01 02:52:06', '2019-04-01 02:52:06');

-- --------------------------------------------------------

--
-- Cấu trúc bảng cho bảng `users`
--

CREATE TABLE `users` (
  `id` int(10) UNSIGNED NOT NULL,
  `full_name` varchar(255) COLLATE utf8_unicode_ci NOT NULL,
  `email` varchar(255) COLLATE utf8_unicode_ci NOT NULL,
  `quyen` tinyint(1) NOT NULL DEFAULT '0',
  `password` varchar(255) COLLATE utf8_unicode_ci NOT NULL,
  `phone` varchar(20) COLLATE utf8_unicode_ci DEFAULT NULL,
  `address` varchar(255) COLLATE utf8_unicode_ci DEFAULT NULL,
  `remember_token` varchar(100) COLLATE utf8_unicode_ci DEFAULT NULL,
  `created_at` timestamp NULL DEFAULT NULL,
  `updated_at` timestamp NULL DEFAULT NULL
) ENGINE=InnoDB DEFAULT CHARSET=utf8 COLLATE=utf8_unicode_ci;

--
-- Đang đổ dữ liệu cho bảng `users`
--

INSERT INTO `users` (`id`, `full_name`, `email`, `quyen`, `password`, `phone`, `address`, `remember_token`, `created_at`, `updated_at`) VALUES
(6, 'Hương Hương 12', 'huonghuong08.php@gmail.com', 1, '$2y$10$rGY4KT6ZSMmLnxIbmTXrsu2xdgRxm8x0UTwCyYCAzrJ320kYheSRq', '1234567', 'Hoàng Diệu 22', NULL, '2017-03-23 07:17:33', '2019-03-31 08:07:27'),
(8, 'dat', 'nguyentiendat2st96@gmail.com', 1, '$2y$10$Rv0l.gQOv7gtts5iStMT5.Ta584dO/ppzk3Bv7QcyrbMN2z0b8G0W', '1234567', 'Street Address', 'kmQpyWEbp2P4HtFXUvI54VzbVvnN3EEMCr6shGbMZhsDHRzTXEtX4wLEdHpZ', '2019-03-31 09:21:25', '2019-03-31 11:24:25');

--
-- Chỉ mục cho các bảng đã đổ
--

--
-- Chỉ mục cho bảng `admin`
--
ALTER TABLE `admin`
  ADD PRIMARY KEY (`id`);

--
-- Chỉ mục cho bảng `bills`
--
ALTER TABLE `bills`
  ADD PRIMARY KEY (`id`),
  ADD KEY `bills_ibfk_1` (`id_customer`),
  ADD KEY `id` (`id`),
  ADD KEY `id_customer` (`id_customer`);

--
-- Chỉ mục cho bảng `bill_detail`
--
ALTER TABLE `bill_detail`
  ADD PRIMARY KEY (`id`),
  ADD KEY `comment_idproduct_foreign` (`id_product`),
  ADD KEY `comment_idbill_foreign` (`id_bill`);

--
-- Chỉ mục cho bảng `customer`
--
ALTER TABLE `customer`
  ADD PRIMARY KEY (`id`),
  ADD KEY `id` (`id`);

--
-- Chỉ mục cho bảng `news`
--
ALTER TABLE `news`
  ADD PRIMARY KEY (`id`),
  ADD KEY `id` (`id`);

--
-- Chỉ mục cho bảng `products`
--
ALTER TABLE `products`
  ADD PRIMARY KEY (`id`),
  ADD KEY `products_id_type_foreign` (`id_type`),
  ADD KEY `id` (`id`,`id_type`);

--
-- Chỉ mục cho bảng `slide`
--
ALTER TABLE `slide`
  ADD PRIMARY KEY (`id`),
  ADD KEY `id` (`id`);

--
-- Chỉ mục cho bảng `type_products`
--
ALTER TABLE `type_products`
  ADD PRIMARY KEY (`id`),
  ADD KEY `id` (`id`);

--
-- Chỉ mục cho bảng `users`
--
ALTER TABLE `users`
  ADD PRIMARY KEY (`id`),
  ADD UNIQUE KEY `users_email_unique` (`email`);

--
-- AUTO_INCREMENT cho các bảng đã đổ
--

--
-- AUTO_INCREMENT cho bảng `admin`
--
ALTER TABLE `admin`
  MODIFY `id` bigint(20) UNSIGNED NOT NULL AUTO_INCREMENT;

--
-- AUTO_INCREMENT cho bảng `bills`
--
ALTER TABLE `bills`
  MODIFY `id` int(10) UNSIGNED NOT NULL AUTO_INCREMENT, AUTO_INCREMENT=20;

--
-- AUTO_INCREMENT cho bảng `bill_detail`
--
ALTER TABLE `bill_detail`
  MODIFY `id` int(10) UNSIGNED NOT NULL AUTO_INCREMENT, AUTO_INCREMENT=27;

--
-- AUTO_INCREMENT cho bảng `customer`
--
ALTER TABLE `customer`
  MODIFY `id` int(10) UNSIGNED NOT NULL AUTO_INCREMENT, AUTO_INCREMENT=20;

--
-- AUTO_INCREMENT cho bảng `products`
--
ALTER TABLE `products`
  MODIFY `id` int(10) UNSIGNED NOT NULL AUTO_INCREMENT, AUTO_INCREMENT=65;

--
-- AUTO_INCREMENT cho bảng `slide`
--
ALTER TABLE `slide`
  MODIFY `id` int(11) NOT NULL AUTO_INCREMENT, AUTO_INCREMENT=6;

--
-- AUTO_INCREMENT cho bảng `type_products`
--
ALTER TABLE `type_products`
  MODIFY `id` int(10) UNSIGNED NOT NULL AUTO_INCREMENT, AUTO_INCREMENT=21;

--
-- AUTO_INCREMENT cho bảng `users`
--
ALTER TABLE `users`
  MODIFY `id` int(10) UNSIGNED NOT NULL AUTO_INCREMENT, AUTO_INCREMENT=9;

--
-- Các ràng buộc cho các bảng đã đổ
--

--
-- Các ràng buộc cho bảng `products`
--
ALTER TABLE `products`
  ADD CONSTRAINT `products_id_type_foreign` FOREIGN KEY (`id_type`) REFERENCES `type_products` (`id`) ON DELETE CASCADE ON UPDATE CASCADE;
COMMIT;

/*!40101 SET CHARACTER_SET_CLIENT=@OLD_CHARACTER_SET_CLIENT */;
/*!40101 SET CHARACTER_SET_RESULTS=@OLD_CHARACTER_SET_RESULTS */;
/*!40101 SET COLLATION_CONNECTION=@OLD_COLLATION_CONNECTION */;
